﻿商品,实际金额,品类,毛利润
100g*5瓶益力多,3159.0,饮料,631.8000000000001
100g卫龙点心面黑椒牛排味,164.29999999999998,非饮料,32.86
100g果王咸柑桔罐装,440.0,非饮料,88.0
100g越南LIPO奶味面包干,16.0,非饮料,3.2
103g康师傅红烧牛肉面,412.5,非饮料,82.5
107g出前一丁桶面酱香牛肉王,228.0,非饮料,45.6
10g卫龙亲嘴烧香辣味,372.8999999999999,非饮料,74.57999999999998
10g越南LIPO奶味面包干,14.0,非饮料,2.8000000000000003
10g越南LIPO奶味面包干0015,65.5,非饮料,13.100000000000001
10g越南LIPO奶味面包干0046,9.0,非饮料,1.8
110g顺宝九制话梅,856.3999999999996,非饮料,171.27999999999994
117gUFO炒面铁板色拉鱿鱼风味,305.5,非饮料,61.1
120g达利园蔓越莓提子面包,6.0,非饮料,1.2000000000000002
123gUFO炒面XO酱海鲜风味,192.0,非饮料,38.400000000000006
12g劲仔小鱼卤香味,212.5,非饮料,42.5
12g劲仔小鱼麻辣味,1359.0,非饮料,271.8
12g劲仔小鱼（香辣味）,12.0,非饮料,2.4000000000000004
130g果王玉带蚕豆,236.1,非饮料,47.22
13g无穷烤鸡小腿蜂蜜味,3512.0,非饮料,702.4000000000001
13g雀巢咖啡1+2特浓,70.0,饮料,14.0
145g果王迷你山楂包装,332.0,非饮料,66.4
145ml旺仔牛奶盒装,2608.8,饮料,521.7600000000001
145ml旺仔牛奶罐装,141.0,饮料,28.200000000000003
148g富甲一方紫薯仔,1313.0,非饮料,262.6
14g德芙巧克力,7.5,非饮料,1.5
150g健能酸奶原味,988.0,饮料,197.60000000000002
150g洽洽原香瓜子,583.5,非饮料,116.7
150抽诗竹竹纤维面巾纸,235.2000000000002,非饮料,47.04000000000004
160g盼盼手撕面包,1292.0,非饮料,258.40000000000003
180g统一满汉全席台式半筋半肉牛肉面,2098.7999999999993,非饮料,419.7599999999999
180ml雀巢咖啡罐装,684.0,饮料,136.8
182g徐福记凤梨酥,13.0,非饮料,2.6
188g澳门永辉鸡仔饼,2142.0,非饮料,428.40000000000003
200g喜之郎/什锦果肉,5.0,非饮料,1.0
205g伊利安慕希原味,1996.5,饮料,399.3
205ml安慕希蓝莓味,179.80000000000004,饮料,35.96000000000001
20g咩咩世界虾味条,16.0,非饮料,3.2
20g咪咪虾条马来西亚风味,1788.499999999991,非饮料,357.6999999999982
20g士力架,16.0,非饮料,3.2
20g洽洽每日坚果,16.5,非饮料,3.3000000000000003
20g马来西亚风味咪咪蟹味粒0219,300.6000000000001,非饮料,60.12000000000002
220g宝丰龙龟苓膏,305.0,非饮料,61.0
220g宝丰龙龟苓膏绿豆味,32.0,非饮料,6.4
220g宝丰龙龟苓膏菊花味,25.0,非饮料,5.0
225g味之不规则饼干芝士味,1151.5,非饮料,230.3
250ML东鹏特饮,687.5,饮料,137.5
250ml燕塘原味酸奶,3331.5,饮料,666.3000000000001
250ml燕塘甜牛奶,3232.0,饮料,646.4000000000001
250ml燕塘红枣牛奶,3037.5,饮料,607.5
250ml王老吉盒装,300.0,饮料,60.0
250ml红牛,4438.4,饮料,887.68
250ml统一麦香奶茶,332.5,饮料,66.5
250ml维他原味豆奶,3789.9000000000037,饮料,757.9800000000008
250ml维他奶低糖原味,454.80000000000007,饮料,90.96000000000002
250ml维他奶巧克力味,1273.6999999999998,饮料,254.73999999999998
250ml维他奶黑豆奶饮品,138.0,饮料,27.6
250ml维他柠檬茶,4579.5,饮料,915.9000000000001
250ml维他椰子味豆奶7716,42.5,饮料,8.5
250ml维他椰子植物蛋白饮料,218.0,饮料,43.6
250ml维他椰子植物蛋白饮料9374,43.5,饮料,8.700000000000001
250ml香满楼纯牛奶,38.5,饮料,7.7
260g马来西亚进口茱蒂丝口口香饼干,3330.0,非饮料,666.0
268ml雀巢咖啡丝滑拿铁,3479.5,饮料,695.9000000000001
2g韩国海牌海苔,875.3000000000033,非饮料,175.06000000000066
30g元朗小蛋卷,365.0,非饮料,73.0
30g无穷农场盐_鸡蛋,4336.5,非饮料,867.3000000000001
32g卫龙亲嘴烧,1537.1999999999864,非饮料,307.4399999999973
32g卫龙亲嘴烧川香味,113.39999999999995,非饮料,22.679999999999993
32g卫龙亲嘴烧红烧牛肉味,818.999999999999,非饮料,163.7999999999998
330ml伊利畅意乳酸菌原味,2803.5,饮料,560.7
330ml伊利畅意乳酸菌草莓味,48.0,饮料,9.600000000000001
340ml蒙牛优益C乳酸菌,49.0,饮料,9.8
34g公仔迷你杯牛肉味,267.5,非饮料,53.5
34g公仔迷你杯风味排骨味,76.0,非饮料,15.200000000000001
37.5g费列罗榛果威化巧克力3颗,1305.999999999998,非饮料,261.1999999999996
370g泰奇八宝粥,620.0,非饮料,124.0
40g上好佳日式鱼果,349.5,非饮料,69.9
40g上好佳田园薯片,9.0,非饮料,1.8
40g上好佳田园薯片番茄味,78.5,非饮料,15.700000000000001
40g乐事美国经典原味,676.5,非饮料,135.3
40g乐事薯片墨西哥鸡汁番茄味,311.5,非饮料,62.300000000000004
40g乐事薯片黄瓜味,790.0,非饮料,158.0
40g卫龙点心面黑椒牛排味,241.0,非饮料,48.2
40g双汇玉米热狗肠,2337.0,非饮料,467.40000000000003
40g呀土豆番茄酱味,457.0,非饮料,91.4
40g呀土豆薯片滋香烤鸡味,542.5,非饮料,108.5
40g盼盼手撕面包,14.0,非饮料,2.8000000000000003
430g泰奇八宝粥,2966.0,非饮料,593.2
450ml美汁源果粒橙,1701.0,饮料,340.20000000000005
45g双汇泡面拍挡,549.5,非饮料,109.9
480ml小茗同学冷泡溜溜哒茶,280.0,饮料,56.0
480ml小茗同学冷泡青柠红茶,1344.0,饮料,268.8
48g好丽友薯愿香烤原味,538.0,非饮料,107.60000000000001
500ML宝矿力,125.5,饮料,25.1
500ml农夫果园 (芒果+菠萝+番石榴),818.5,饮料,163.70000000000002
500ml加多宝,1307.5,饮料,261.5
500ml康师傅冰糖雪梨,265.0,饮料,53.0
500ml恒大冰泉矿泉水,55.0,饮料,11.0
500ml统一冰糖雪梨,59.0,饮料,11.8
500ml统一阿萨姆奶茶,2222.0,饮料,444.40000000000003
500ml营养快线原味,202.5,饮料,40.5
50g上好佳日式鱼果,486.0,非饮料,97.2
50g上好佳田园薯片番茄味,507.5,非饮料,101.5
50g双层百力滋奶咖味,125.5,非饮料,25.1
50g双层百力滋特浓番茄味,121.5,非饮料,24.3
50g马赛克手撕鱿鱼条,671.1999999999999,非饮料,134.23999999999998
52g旺旺仙贝,1075.5,非饮料,215.10000000000002
55g奥利奥原味夹心饼干,492.5,非饮料,98.5
55g奥利奥原味芝士饼干,1440.5,非饮料,288.1
55g奥利奥迷你杯夹心小饼干杯装原味,165.0,非饮料,33.0
56g益达无糖口香糖,26.0,非饮料,5.2
58.5g钙芝奶酪味高钙威化饼干,6.0,非饮料,1.2000000000000002
58g丽芝士纳宝帝奶酪威化饼干,1139.5,非饮料,227.9
5片装益达绿箭口香糖,148.0,非饮料,29.6
600ml可口可乐,1461.5,饮料,292.3
600ml脉动青柠,1476.4999999999993,饮料,295.2999999999999
600ml雪碧,937.7999999999979,饮料,187.5599999999996
60g湖湘贡手撕鸭脖原味,6.0,非饮料,1.2000000000000002
60g溜溜九制梅,5.5,非饮料,1.1
65g卫龙亲嘴豆皮,841.0,非饮料,168.20000000000002
65g格力高百力滋饼干巧克力味,5.5,非饮料,1.1
68g多力多玉米片爆香热辣味,248.0,非饮料,49.6
68g好丽友巧克力派2枚,842.0,非饮料,168.4
68g好丽友蛋黄派2枚,278.0,非饮料,55.6
70g乐事薯片原味,525.0,非饮料,105.0
70g乐事薯片青柠味,34.0,非饮料,6.800000000000001
70g乐事薯片黄瓜味,755.8,非饮料,151.16
70g乐事薯片（原味）,225.5,非饮料,45.1
70g乐事薯片（黄瓜味）,437.0,非饮料,87.4
70g乖媳妇野山泡椒凤爪,1327.5,非饮料,265.5
75g新麦潮天然酵母面包（北海道牛奶风味）,775.0,非饮料,155.0
75g达利园柠檬蛋糕,13.5,非饮料,2.7
78g卫龙亲嘴语辣条,1726.5,非饮料,345.3
78g卫龙亲语,85.5,非饮料,17.1
78g合味道杯面香菇炖鸡风味,126.0,非饮料,25.200000000000003
80g四洲粟一烧烧烤味,1233.0,非饮料,246.60000000000002
80g盼盼手撕面包,36.0,非饮料,7.2
80g粤光宝盒芒果干,11.0,非饮料,2.2
80g香飘飘椰果奶茶原味,409.5,饮料,81.9
80g香飘飘椰果奶茶麦香味,345.5,饮料,69.10000000000001
80g马赛克香蕉片,429.5,非饮料,85.9
83g汤达人酸辣豚骨拉面,156.0,非饮料,31.200000000000003
85g嘉士利果乐果香夹心饼干蓝莓味,1258.5,非饮料,251.70000000000002
85g新麦潮北海道吐司,1839.5,非饮料,367.90000000000003
85g新麦潮手撕面包（提子味）,1605.5,非饮料,321.1
85g统一老坛酸菜牛肉面,3155.0,非饮料,631.0
86g合味道浓猪骨味,567.0,非饮料,113.4
86g合味道海鲜风味,3786.0,非饮料,757.2
90g顺宝九制杨梅,5.0,非饮料,1.0
91g徐福记凤梨酥,1118.0,非饮料,223.60000000000002
上好佳洋葱圈,4.0,非饮料,0.8
上好佳田园薯片,257.0,非饮料,51.400000000000006
东鹏特饮,9293.0,饮料,1858.6000000000001
丽芝士纳宝帝奶酪威化饼干,328.5,非饮料,65.7
乐事薯片（青柠）,184.0,非饮料,36.800000000000004
乐事薯片（黄瓜味）,473.0,非饮料,94.60000000000001
乐虎,472.0,饮料,94.4
乐虎（380ml）,163.0,饮料,32.6
乖媳妇野山椒风爪,109.19999999999997,非饮料,21.839999999999996
伊利优酸乳,2828.5,饮料,565.7
伊利纯牛奶,2175.0,饮料,435.0
优益C活菌型乳酸菌饮品,550.1999999999998,饮料,110.03999999999996
健能酸奶,191.0,饮料,38.2
农夫果园,382.5,饮料,76.5
冰糖雪梨,1074.5,饮料,214.9
冰红茶（罐）,67.0,饮料,13.4
凤爪,173.5,非饮料,34.7
利群（硬）,45.0,非饮料,9.0
加多宝,392.0,饮料,78.4
劲仔小鱼,21.0,非饮料,4.2
劲仔小鱼（卤香味）,119.0,非饮料,23.8
劲仔小鱼（酱汁味）,10.5,非饮料,2.1
劲仔小鱼（香辣味）,4.5,非饮料,0.9
劲仔小鱼（麻辣味）,380.5,非饮料,76.10000000000001
卫龙亲嘴烧红烧牛肉味,298.5,非饮料,59.7
卫龙亲嘴烧麦辣鸡汁味,66.0,非饮料,13.200000000000001
卫龙大面筋,2860.0,非饮料,572.0
印尼芝士威化饼干,457.0,非饮料,91.4
双汇玉米热狗肠,519.5,非饮料,103.9
口味王槟榔（红）,2068.0,非饮料,413.6
口味王槟榔（绿色）,70.0,非饮料,14.0
口味王槟榔（绿）,3580.5,非饮料,716.1
可乐可乐,612.0,饮料,122.4
可乐（500ml）,6.0,饮料,1.2000000000000002
可口可乐330ml,2351.0,饮料,470.20000000000005
可口可乐330ml（罐）,49.5,饮料,9.9
可口可乐最新款,1764.0,饮料,352.8
可口可乐（500ml）,1953.5,饮料,390.70000000000005
合味道（浓猪骨）,68.0,非饮料,13.600000000000001
合味道（海鲜风味）,734.5,非饮料,146.9
味之不规则饼干（番茄味）,30.0,非饮料,6.0
味之不规则饼干（芝士味）,250.0,非饮料,50.0
味之不规则饼干（韩国泡菜味）,10.0,非饮料,2.0
和成天下（红）,105.0,非饮料,21.0
和成天下（黄）,300.0,非饮料,60.0
咪咪,85.5,非饮料,17.1
咪咪虾条马来西亚风味,468.4000000000011,非饮料,93.68000000000023
商品1,0.7999999999999999,饮料,0.16
商品14,0.2,饮料,0.04000000000000001
商品2,1.2,饮料,0.24
商品21,0.2,非饮料,0.04000000000000001
商品36,4.0,非饮料,0.8
四洲粟一烧烧烤味,278.0,非饮料,55.6
多力多滋（热辣味）,45.0,非饮料,9.0
多芙利香草奶油味蛋糕,96.0,非饮料,19.200000000000003
天地一号,73.5,饮料,14.700000000000001
奥利奥原味芝士,381.0,非饮料,76.2
好吃点,318.0,非饮料,63.6
好吃点小饼干,135.0,非饮料,27.0
威化饼干,34.0,非饮料,6.800000000000001
娃哈哈红枣酸奶,17.5,饮料,3.5
安慕希酸奶,147.0,饮料,29.400000000000002
小糖衣血糖仪,4.999999999999998,非饮料,0.9999999999999997
小糖衣血糖试纸,0.30000000000000004,非饮料,0.06000000000000001
小茗同学,150.0,饮料,30.0
小茗同学冷泡茶（乳酸菌味）,53.5,饮料,10.700000000000001
小茗同学（青柠红茶）,40.5,饮料,8.1
小鱼仔,746.0,非饮料,149.20000000000002
尖叫,547.0,饮料,109.4
巧克力奶油味蛋糕,59.0,非饮料,11.8
康师傅拉面(袋),7.0,非饮料,1.4000000000000001
康师傅矿泉水,169.99999999999994,饮料,33.99999999999999
怡宝,877.0,饮料,175.4
怡宝矿泉水,88.0,饮料,17.6
怡宝纯净水,12563.5,饮料,2512.7000000000003
手撕素肉排,113.10000000000002,非饮料,22.620000000000005
拿铁咖啡（统一）,75.0,饮料,15.0
新麦潮北海道吐司,95.0,非饮料,19.0
新麦潮天然酵母面包,84.0,非饮料,16.8
新麦潮天然酵母面包（牛奶风味）,168.0,非饮料,33.6
新麦潮天然酵母面包（良品铺子）,42.0,非饮料,8.4
新麦潮手撕面包（提子味）,57.0,非饮料,11.4
无穷农场盐_鸡蛋,580.5,非饮料,116.10000000000001
无穷烤鸡小腿,3.0,非饮料,0.6000000000000001
无穷烤鸡小腿（蜂蜜）,606.0,非饮料,121.2
日式鱼果,284.0,非饮料,56.800000000000004
旺仔牛奶,394.5000000000004,饮料,78.90000000000009
旺仔牛奶145ml,273.0,饮料,54.6
果粒橙,4737.5,饮料,947.5
椰树牌椰汁,539.5,饮料,107.9
每日特惠,8.0,非饮料,1.6
汤达人方便面,36.0,非饮料,7.2
汤达人桶面,9.0,非饮料,1.8
泰奇八宝粥,530.0,非饮料,106.0
湘潭铺子(羽泉版),919.5,非饮料,183.9
熊字饼,1811.5,非饮料,362.3
燕塘原味酸奶,337.5,饮料,67.5
燕塘甜牛奶,373.5,饮料,74.7
燕塘红枣牛奶,463.5,饮料,92.7
王老吉（500ml）,5149.5,饮料,1029.9
王老吉（罐）,4730.5,饮料,946.1
珠江纯生啤酒,59.0,饮料,11.8
百事可乐330ml,154.5,饮料,30.900000000000002
百事可乐500ml,489.5,饮料,97.9
益力多100g*5瓶,747.0,饮料,149.4
盼盼手撕面包,120.0,非饮料,24.0
秒充,384.0,非饮料,76.80000000000001
立体声耳机（象牙白）,12.0,非饮料,2.4000000000000004
红利群（硬）,90.0,非饮料,18.0
红牛,6724.5,饮料,1344.9
经典奶茶,70.0,饮料,14.0
统一冰红茶,6250.0,饮料,1250.0
统一来一桶香辣老坛酸菜牛肉面,511.5,非饮料,102.30000000000001
统一绿茶,4231.0,饮料,846.2
统一阿萨姆奶茶,368.5,饮料,73.7
维他原味豆奶,738.5,饮料,147.70000000000002
维他奶,1238.0,饮料,247.60000000000002
维他奶黑豆奶饮品,35.0,饮料,7.0
维他奶（巧克力味）,258.0,饮料,51.6
维他柠檬茶,1530.0,饮料,306.0
维他柠檬茶330ml（罐）,63.0,饮料,12.600000000000001
美年达（罐）,769.5,饮料,153.9
美汁源果粒橙,393.5,饮料,78.7
脉动,12255.0,饮料,2451.0
脉动（椰子菠萝口味）,120.0,饮料,24.0
脉动（青柠）,435.0,饮料,87.0
芙蓉王,2741.0,非饮料,548.2
芦荟汁,307.0,饮料,61.400000000000006
芬达330ml,2872.0,饮料,574.4
茉莉蜜茶,815.5,饮料,163.10000000000002
营养快线,9572.5,饮料,1914.5
诗竹竹纤维面巾纸,408.0000000000005,非饮料,81.60000000000011
贡美忆江南充电宝5000mAh,58.0,非饮料,11.600000000000001
贡美苹果数据线,38.0,非饮料,7.6000000000000005
越南LIPO奶味面包干100g,200.0,非饮料,40.0
越南LIPO奶味面包干10g,2.0,非饮料,0.4
迷你纸巾,31.0,非饮料,6.2
钙芝奶酪味高钙威化饼干,1.5,非饮料,0.30000000000000004
银鹭八宝粥,2814.0,饮料,562.8000000000001
阿萨姆奶茶,10149.0,饮料,2029.8000000000002
阿萨姆煎茶奶绿,560.0,饮料,112.0
雀巢咖啡,1614.0,饮料,322.8
雪力矿泉水,160.0,饮料,32.0
雪碧,339.5,饮料,67.9
雪碧330ml,1289.0,饮料,257.8
雪碧最新款,2971.0,饮料,594.2
雪碧（500ml）,2150.8999999999996,饮料,430.17999999999995
韩国海牌海苔,228.59999999999982,非饮料,45.71999999999997
顺宝九制梅,120.0,非饮料,24.0
香脆肠,438.1,非饮料,87.62
香豆干,1009.6,非饮料,201.92000000000002
鸡爪,64.0,非饮料,12.8
鸭翅,1704.0,非饮料,340.8
