﻿,商品名,订单量,标签
0,100g*5瓶益力多,33,正常
1,13g雀巢咖啡1+2特浓,5,滞销
2,145ml旺仔牛奶盒装,127,正常
3,145ml旺仔牛奶罐装,11,滞销
4,150g健能酸奶原味,37,正常
5,180ml雀巢咖啡罐装,19,滞销
6,205g伊利安慕希原味,51,正常
7,205ml安慕希蓝莓味,5,滞销
8,250ML东鹏特饮,20,滞销
9,250ml燕塘原味酸奶,134,正常
10,250ml燕塘甜牛奶,129,正常
11,250ml燕塘红枣牛奶,129,正常
12,250ml王老吉盒装,22,滞销
13,250ml红牛,119,正常
14,250ml统一麦香奶茶,23,滞销
15,250ml维他原味豆奶,217,热销
16,250ml维他奶低糖原味,26,正常
17,250ml维他奶巧克力味,53,正常
18,250ml维他奶黑豆奶饮品,3,滞销
19,250ml维他柠檬茶,255,热销
20,250ml维他椰子味豆奶7716,11,滞销
21,250ml维他椰子植物蛋白饮料,11,滞销
22,250ml维他椰子植物蛋白饮料9374,1,滞销
23,250ml香满楼纯牛奶,4,滞销
24,268ml雀巢咖啡丝滑拿铁,95,正常
25,330ml伊利畅意乳酸菌原味,66,正常
26,330ml伊利畅意乳酸菌草莓味,2,滞销
27,450ml美汁源果粒橙,61,正常
28,480ml小茗同学冷泡溜溜哒茶,8,滞销
29,480ml小茗同学冷泡青柠红茶,37,正常
30,500ML宝矿力,4,滞销
31,500ml农夫果园 (芒果+菠萝+番石榴),33,正常
32,500ml加多宝,52,正常
33,500ml康师傅冰糖雪梨,24,正常
34,500ml恒大冰泉矿泉水,2,滞销
35,500ml统一冰糖雪梨,4,滞销
36,500ml统一阿萨姆奶茶,80,正常
37,500ml营养快线原味,5,滞销
38,600ml可口可乐,57,正常
39,600ml脉动青柠,41,正常
40,600ml雪碧,69,正常
41,80g香飘飘椰果奶茶原味,16,滞销
42,80g香飘飘椰果奶茶麦香味,17,滞销
43,东鹏特饮,525,热销
44,乐虎,31,正常
45,乐虎（380ml）,6,滞销
46,伊利优酸乳,258,热销
47,伊利纯牛奶,127,正常
48,优益C活菌型乳酸菌饮品,2,滞销
49,健能酸奶,2,滞销
50,农夫果园,7,滞销
51,冰糖雪梨,59,正常
52,冰红茶（罐）,10,滞销
53,加多宝,10,滞销
54,可乐可乐,29,正常
55,可口可乐330ml,219,热销
56,可口可乐330ml（罐）,3,滞销
57,可口可乐最新款,125,正常
58,可口可乐（500ml）,60,正常
59,商品14,1,滞销
60,商品2,3,滞销
61,天地一号,3,滞销
62,娃哈哈红枣酸奶,2,滞销
63,安慕希酸奶,4,滞销
64,小茗同学,12,滞销
65,小茗同学冷泡茶（乳酸菌味）,5,滞销
66,小茗同学（青柠红茶）,3,滞销
67,尖叫,22,滞销
68,康师傅矿泉水,24,正常
69,怡宝,182,热销
70,怡宝矿泉水,7,滞销
71,怡宝纯净水,999,热销
72,拿铁咖啡（统一）,2,滞销
73,旺仔牛奶,12,滞销
74,旺仔牛奶145ml,16,滞销
75,果粒橙,328,热销
76,椰树牌椰汁,24,正常
77,燕塘原味酸奶,29,正常
78,燕塘甜牛奶,21,滞销
79,燕塘红枣牛奶,16,滞销
80,王老吉（500ml）,238,热销
81,王老吉（罐）,402,热销
82,珠江纯生啤酒,5,滞销
83,百事可乐330ml,2,滞销
84,百事可乐500ml,15,滞销
85,益力多100g*5瓶,4,滞销
86,红牛,231,热销
87,统一冰红茶,394,热销
88,统一绿茶,246,热销
89,统一阿萨姆奶茶,12,滞销
90,维他原味豆奶,39,正常
91,维他奶,79,正常
92,维他奶黑豆奶饮品,2,滞销
93,维他奶（巧克力味）,10,滞销
94,维他柠檬茶,73,正常
95,维他柠檬茶330ml（罐）,13,滞销
96,美年达（罐）,7,滞销
97,美汁源果粒橙,26,正常
98,脉动,759,热销
99,脉动（椰子菠萝口味）,2,滞销
100,脉动（青柠）,18,滞销
101,芦荟汁,1,滞销
102,芬达330ml,271,热销
103,茉莉蜜茶,70,正常
104,营养快线,435,热销
105,银鹭八宝粥,166,正常
106,阿萨姆奶茶,456,热销
107,阿萨姆煎茶奶绿,76,正常
108,雀巢咖啡,30,正常
109,雪力矿泉水,2,滞销
110,雪碧,8,滞销
111,雪碧330ml,70,正常
112,雪碧最新款,259,热销
113,雪碧（500ml）,82,正常
