﻿,商品名,订单量,标签
0,100g*5瓶益力多,64,正常
1,13g雀巢咖啡1+2特浓,4,滞销
2,145ml旺仔牛奶盒装,228,热销
3,145ml旺仔牛奶罐装,21,滞销
4,150g健能酸奶原味,61,正常
5,180ml雀巢咖啡罐装,24,正常
6,205g伊利安慕希原味,89,正常
7,205ml安慕希蓝莓味,10,滞销
8,250ML东鹏特饮,49,正常
9,250ml燕塘原味酸奶,249,热销
10,250ml燕塘甜牛奶,232,热销
11,250ml燕塘红枣牛奶,206,热销
12,250ml王老吉盒装,20,滞销
13,250ml红牛,172,正常
14,250ml统一麦香奶茶,44,正常
15,250ml维他原味豆奶,391,热销
16,250ml维他奶低糖原味,57,正常
17,250ml维他奶巧克力味,138,正常
18,250ml维他奶黑豆奶饮品,5,滞销
19,250ml维他柠檬茶,397,热销
20,250ml维他椰子味豆奶7716,3,滞销
21,250ml维他椰子植物蛋白饮料,12,滞销
22,250ml维他椰子植物蛋白饮料9374,2,滞销
23,268ml雀巢咖啡丝滑拿铁,197,热销
24,330ml伊利畅意乳酸菌原味,149,正常
25,330ml伊利畅意乳酸菌草莓味,3,滞销
26,340ml蒙牛优益C乳酸菌,2,滞销
27,450ml美汁源果粒橙,140,正常
28,480ml小茗同学冷泡溜溜哒茶,16,滞销
29,480ml小茗同学冷泡青柠红茶,77,正常
30,500ML宝矿力,7,滞销
31,500ml农夫果园 (芒果+菠萝+番石榴),63,正常
32,500ml加多宝,116,正常
33,500ml康师傅冰糖雪梨,23,滞销
34,500ml恒大冰泉矿泉水,9,滞销
35,500ml统一冰糖雪梨,3,滞销
36,500ml统一阿萨姆奶茶,158,正常
37,500ml营养快线原味,10,滞销
38,600ml可口可乐,145,正常
39,600ml脉动青柠,127,正常
40,600ml雪碧,143,正常
41,80g香飘飘椰果奶茶原味,20,滞销
42,80g香飘飘椰果奶茶麦香味,11,滞销
43,东鹏特饮,709,热销
44,乐虎,47,正常
45,乐虎（380ml）,2,滞销
46,伊利优酸乳,375,热销
47,伊利纯牛奶,241,热销
48,优益C活菌型乳酸菌饮品,28,正常
49,健能酸奶,27,正常
50,农夫果园,29,正常
51,冰糖雪梨,143,正常
52,冰红茶（罐）,2,滞销
53,加多宝,46,正常
54,可乐可乐,71,正常
55,可口可乐330ml,244,热销
56,可口可乐330ml（罐）,3,滞销
57,可口可乐最新款,142,正常
58,可口可乐（500ml）,202,热销
59,商品1,3,滞销
60,商品2,1,滞销
61,安慕希酸奶,5,滞销
62,小茗同学,10,滞销
63,小茗同学冷泡茶（乳酸菌味）,1,滞销
64,小茗同学（青柠红茶）,1,滞销
65,尖叫,67,正常
66,康师傅矿泉水,54,正常
67,怡宝,37,正常
68,怡宝矿泉水,19,滞销
69,怡宝纯净水,1705,热销
70,拿铁咖啡（统一）,8,滞销
71,旺仔牛奶,47,正常
72,旺仔牛奶145ml,29,正常
73,果粒橙,470,热销
74,椰树牌椰汁,54,正常
75,燕塘原味酸奶,29,正常
76,燕塘甜牛奶,39,正常
77,燕塘红枣牛奶,47,正常
78,王老吉（500ml）,417,热销
79,王老吉（罐）,410,热销
80,珠江纯生啤酒,1,滞销
81,百事可乐330ml,2,滞销
82,百事可乐500ml,14,滞销
83,益力多100g*5瓶,34,正常
84,红牛,289,热销
85,经典奶茶,2,滞销
86,统一冰红茶,626,热销
87,统一绿茶,490,热销
88,统一阿萨姆奶茶,38,正常
89,维他原味豆奶,93,正常
90,维他奶,132,正常
91,维他奶黑豆奶饮品,1,滞销
92,维他奶（巧克力味）,41,正常
93,维他柠檬茶,169,正常
94,维他柠檬茶330ml（罐）,2,滞销
95,美年达（罐）,133,正常
96,美汁源果粒橙,27,正常
97,脉动,996,热销
98,脉动（椰子菠萝口味）,9,滞销
99,脉动（青柠）,44,正常
100,芦荟汁,44,正常
101,芬达330ml,382,热销
102,茉莉蜜茶,83,正常
103,营养快线,805,热销
104,银鹭八宝粥,220,热销
105,阿萨姆奶茶,792,热销
106,阿萨姆煎茶奶绿,11,滞销
107,雀巢咖啡,97,正常
108,雪力矿泉水,35,正常
109,雪碧,38,正常
110,雪碧330ml,173,正常
111,雪碧最新款,309,热销
112,雪碧（500ml）,172,正常
