﻿,商品名,订单量,标签
0,100g*5瓶益力多,25,正常
1,145ml旺仔牛奶盒装,81,正常
2,145ml旺仔牛奶罐装,1,滞销
3,150g健能酸奶原味,31,正常
4,180ml雀巢咖啡罐装,28,正常
5,205g伊利安慕希原味,33,正常
6,205ml安慕希蓝莓味,2,滞销
7,250ML东鹏特饮,25,正常
8,250ml燕塘原味酸奶,72,正常
9,250ml燕塘甜牛奶,77,正常
10,250ml燕塘红枣牛奶,64,正常
11,250ml王老吉盒装,12,滞销
12,250ml红牛,68,正常
13,250ml统一麦香奶茶,2,滞销
14,250ml维他原味豆奶,96,正常
15,250ml维他奶低糖原味,9,滞销
16,250ml维他奶巧克力味,29,正常
17,250ml维他奶黑豆奶饮品,3,滞销
18,250ml维他柠檬茶,109,正常
19,250ml维他椰子味豆奶7716,2,滞销
20,250ml维他椰子植物蛋白饮料,2,滞销
21,250ml维他椰子植物蛋白饮料9374,1,滞销
22,250ml香满楼纯牛奶,1,滞销
23,268ml雀巢咖啡丝滑拿铁,53,正常
24,330ml伊利畅意乳酸菌原味,44,正常
25,450ml美汁源果粒橙,25,正常
26,480ml小茗同学冷泡溜溜哒茶,7,滞销
27,480ml小茗同学冷泡青柠红茶,35,正常
28,500ML宝矿力,1,滞销
29,500ml农夫果园 (芒果+菠萝+番石榴),11,滞销
30,500ml加多宝,23,滞销
31,500ml康师傅冰糖雪梨,3,滞销
32,500ml恒大冰泉矿泉水,1,滞销
33,500ml统一冰糖雪梨,2,滞销
34,500ml统一阿萨姆奶茶,35,正常
35,500ml营养快线原味,3,滞销
36,600ml可口可乐,63,正常
37,600ml脉动青柠,35,正常
38,600ml雪碧,19,滞销
39,80g香飘飘椰果奶茶原味,10,滞销
40,80g香飘飘椰果奶茶麦香味,18,滞销
41,东鹏特饮,411,热销
42,乐虎,2,滞销
43,乐虎（380ml）,15,滞销
44,伊利优酸乳,102,正常
45,伊利纯牛奶,81,正常
46,健能酸奶,8,滞销
47,农夫果园,2,滞销
48,冰糖雪梨,16,滞销
49,冰红茶（罐）,2,滞销
50,加多宝,7,滞销
51,可乐可乐,18,滞销
52,可乐（500ml）,2,滞销
53,可口可乐330ml,54,正常
54,可口可乐330ml（罐）,2,滞销
55,可口可乐最新款,144,正常
56,可口可乐（500ml）,176,正常
57,商品1,1,滞销
58,商品2,2,滞销
59,安慕希酸奶,4,滞销
60,小茗同学冷泡茶（乳酸菌味）,1,滞销
61,尖叫,6,滞销
62,康师傅矿泉水,10,滞销
63,怡宝,14,滞销
64,怡宝矿泉水,4,滞销
65,怡宝纯净水,387,热销
66,旺仔牛奶,2,滞销
67,旺仔牛奶145ml,1,滞销
68,果粒橙,168,正常
69,椰树牌椰汁,7,滞销
70,燕塘原味酸奶,6,滞销
71,燕塘甜牛奶,2,滞销
72,燕塘红枣牛奶,5,滞销
73,王老吉（500ml）,87,正常
74,王老吉（罐）,177,正常
75,百事可乐330ml,32,正常
76,百事可乐500ml,5,滞销
77,益力多100g*5瓶,5,滞销
78,红牛,180,正常
79,经典奶茶,1,滞销
80,统一冰红茶,309,热销
81,统一绿茶,188,热销
82,统一阿萨姆奶茶,3,滞销
83,维他原味豆奶,18,滞销
84,维他奶,56,正常
85,维他奶（巧克力味）,2,滞销
86,维他柠檬茶,65,正常
87,美年达（罐）,83,正常
88,美汁源果粒橙,8,滞销
89,脉动,283,热销
90,脉动（椰子菠萝口味）,1,滞销
91,脉动（青柠）,1,滞销
92,芦荟汁,1,滞销
93,芬达330ml,9,滞销
94,茉莉蜜茶,31,正常
95,营养快线,319,热销
96,银鹭八宝粥,83,正常
97,阿萨姆奶茶,365,热销
98,阿萨姆煎茶奶绿,14,滞销
99,雀巢咖啡,24,正常
100,雪力矿泉水,7,滞销
101,雪碧,3,滞销
102,雪碧330ml,19,滞销
103,雪碧最新款,178,正常
104,雪碧（500ml）,132,正常
