﻿,商品名,订单量,标签
0,100g*5瓶益力多,42,正常
1,13g雀巢咖啡1+2特浓,3,滞销
2,145ml旺仔牛奶盒装,172,正常
3,145ml旺仔牛奶罐装,3,滞销
4,150g健能酸奶原味,35,正常
5,180ml雀巢咖啡罐装,22,滞销
6,205g伊利安慕希原味,66,正常
7,205ml安慕希蓝莓味,5,滞销
8,250ML东鹏特饮,27,正常
9,250ml燕塘原味酸奶,130,正常
10,250ml燕塘甜牛奶,131,正常
11,250ml燕塘红枣牛奶,114,正常
12,250ml王老吉盒装,21,滞销
13,250ml红牛,99,正常
14,250ml统一麦香奶茶,14,滞销
15,250ml维他原味豆奶,229,热销
16,250ml维他奶低糖原味,18,滞销
17,250ml维他奶巧克力味,95,正常
18,250ml维他奶黑豆奶饮品,12,滞销
19,250ml维他柠檬茶,236,热销
20,250ml维他椰子植物蛋白饮料,6,滞销
21,250ml维他椰子植物蛋白饮料9374,1,滞销
22,250ml香满楼纯牛奶,2,滞销
23,268ml雀巢咖啡丝滑拿铁,94,正常
24,330ml伊利畅意乳酸菌原味,93,正常
25,330ml伊利畅意乳酸菌草莓味,2,滞销
26,340ml蒙牛优益C乳酸菌,5,滞销
27,450ml美汁源果粒橙,87,正常
28,480ml小茗同学冷泡溜溜哒茶,4,滞销
29,480ml小茗同学冷泡青柠红茶,39,正常
30,500ML宝矿力,7,滞销
31,500ml农夫果园 (芒果+菠萝+番石榴),25,正常
32,500ml加多宝,40,正常
33,500ml康师傅冰糖雪梨,13,滞销
34,500ml恒大冰泉矿泉水,1,滞销
35,500ml统一冰糖雪梨,2,滞销
36,500ml统一阿萨姆奶茶,78,正常
37,500ml营养快线原味,14,滞销
38,600ml可口可乐,87,正常
39,600ml脉动青柠,38,正常
40,600ml雪碧,51,正常
41,80g香飘飘椰果奶茶原味,17,滞销
42,80g香飘飘椰果奶茶麦香味,13,滞销
43,东鹏特饮,488,热销
44,乐虎,8,滞销
45,乐虎（380ml）,12,滞销
46,伊利优酸乳,179,正常
47,伊利纯牛奶,175,正常
48,优益C活菌型乳酸菌饮品,5,滞销
49,健能酸奶,8,滞销
50,农夫果园,4,滞销
51,冰糖雪梨,59,正常
52,冰红茶（罐）,6,滞销
53,加多宝,6,滞销
54,可乐可乐,15,滞销
55,可口可乐330ml,212,热销
56,可口可乐330ml（罐）,6,滞销
57,可口可乐最新款,116,正常
58,可口可乐（500ml）,57,正常
59,商品1,2,滞销
60,商品14,1,滞销
61,商品2,2,滞销
62,天地一号,8,滞销
63,娃哈哈红枣酸奶,1,滞销
64,安慕希酸奶,11,滞销
65,小茗同学,2,滞销
66,小茗同学冷泡茶（乳酸菌味）,1,滞销
67,小茗同学（青柠红茶）,2,滞销
68,尖叫,15,滞销
69,康师傅矿泉水,17,滞销
70,怡宝,38,正常
71,怡宝矿泉水,3,滞销
72,怡宝纯净水,1342,热销
73,拿铁咖啡（统一）,1,滞销
74,旺仔牛奶,6,滞销
75,旺仔牛奶145ml,4,滞销
76,果粒橙,245,热销
77,椰树牌椰汁,17,滞销
78,燕塘原味酸奶,4,滞销
79,燕塘甜牛奶,11,滞销
80,燕塘红枣牛奶,9,滞销
81,王老吉（500ml）,310,热销
82,王老吉（罐）,201,热销
83,珠江纯生啤酒,4,滞销
84,百事可乐330ml,4,滞销
85,百事可乐500ml,102,正常
86,益力多100g*5瓶,8,滞销
87,红牛,198,热销
88,经典奶茶,12,滞销
89,统一冰红茶,334,热销
90,统一绿茶,209,热销
91,统一阿萨姆奶茶,6,滞销
92,维他原味豆奶,17,滞销
93,维他奶,93,正常
94,维他奶（巧克力味）,4,滞销
95,维他柠檬茶,79,正常
96,维他柠檬茶330ml（罐）,3,滞销
97,美年达（罐）,22,滞销
98,美汁源果粒橙,13,滞销
99,脉动,431,热销
100,脉动（椰子菠萝口味）,1,滞销
101,脉动（青柠）,9,滞销
102,芦荟汁,5,滞销
103,芬达330ml,198,热销
104,茉莉蜜茶,35,正常
105,营养快线,425,热销
106,银鹭八宝粥,120,正常
107,阿萨姆奶茶,457,热销
108,阿萨姆煎茶奶绿,19,滞销
109,雀巢咖啡,33,正常
110,雪力矿泉水,7,滞销
111,雪碧,3,滞销
112,雪碧330ml,103,正常
113,雪碧最新款,139,正常
114,雪碧（500ml）,137,正常
