﻿,商品名,订单量,标签
0,100g*5瓶益力多,40,正常
1,13g雀巢咖啡1+2特浓,4,滞销
2,145ml旺仔牛奶盒装,131,正常
3,145ml旺仔牛奶罐装,2,滞销
4,150g健能酸奶原味,28,正常
5,180ml雀巢咖啡罐装,22,滞销
6,205g伊利安慕希原味,53,正常
7,205ml安慕希蓝莓味,7,滞销
8,250ML东鹏特饮,16,滞销
9,250ml燕塘原味酸奶,112,正常
10,250ml燕塘甜牛奶,126,正常
11,250ml燕塘红枣牛奶,128,正常
12,250ml王老吉盒装,22,滞销
13,250ml红牛,71,正常
14,250ml统一麦香奶茶,16,滞销
15,250ml维他原味豆奶,176,正常
16,250ml维他奶低糖原味,25,正常
17,250ml维他奶巧克力味,69,正常
18,250ml维他奶黑豆奶饮品,11,滞销
19,250ml维他柠檬茶,181,热销
20,250ml维他椰子植物蛋白饮料,8,滞销
21,250ml维他椰子植物蛋白饮料9374,6,滞销
22,250ml香满楼纯牛奶,2,滞销
23,268ml雀巢咖啡丝滑拿铁,91,正常
24,330ml伊利畅意乳酸菌原味,74,正常
25,450ml美汁源果粒橙,69,正常
26,480ml小茗同学冷泡溜溜哒茶,7,滞销
27,480ml小茗同学冷泡青柠红茶,36,正常
28,500ML宝矿力,4,滞销
29,500ml农夫果园 (芒果+菠萝+番石榴),31,正常
30,500ml加多宝,44,正常
31,500ml康师傅冰糖雪梨,4,滞销
32,500ml恒大冰泉矿泉水,3,滞销
33,500ml统一冰糖雪梨,4,滞销
34,500ml统一阿萨姆奶茶,65,正常
35,500ml营养快线原味,6,滞销
36,600ml可口可乐,43,正常
37,600ml脉动青柠,51,正常
38,600ml雪碧,40,正常
39,80g香飘飘椰果奶茶原味,14,滞销
40,80g香飘飘椰果奶茶麦香味,13,滞销
41,东鹏特饮,448,热销
42,乐虎,11,滞销
43,乐虎（380ml）,5,滞销
44,伊利优酸乳,143,正常
45,伊利纯牛奶,90,正常
46,优益C活菌型乳酸菌饮品,17,滞销
47,健能酸奶,2,滞销
48,农夫果园,13,滞销
49,冰糖雪梨,39,正常
50,冰红茶（罐）,6,滞销
51,加多宝,4,滞销
52,可乐可乐,13,滞销
53,可口可乐330ml,54,正常
54,可口可乐330ml（罐）,5,滞销
55,可口可乐最新款,55,正常
56,可口可乐（500ml）,101,正常
57,商品1,2,滞销
58,商品2,4,滞销
59,天地一号,4,滞销
60,娃哈哈红枣酸奶,2,滞销
61,安慕希酸奶,2,滞销
62,小茗同学,6,滞销
63,小茗同学冷泡茶（乳酸菌味）,1,滞销
64,尖叫,19,滞销
65,康师傅矿泉水,19,滞销
66,怡宝,55,正常
67,怡宝矿泉水,11,滞销
68,怡宝纯净水,531,热销
69,拿铁咖啡（统一）,3,滞销
70,旺仔牛奶,15,滞销
71,旺仔牛奶145ml,3,滞销
72,果粒橙,145,正常
73,椰树牌椰汁,16,滞销
74,燕塘原味酸奶,6,滞销
75,燕塘甜牛奶,7,滞销
76,燕塘红枣牛奶,11,滞销
77,王老吉（500ml）,108,正常
78,王老吉（罐）,68,正常
79,珠江纯生啤酒,3,滞销
80,百事可乐330ml,15,滞销
81,百事可乐500ml,25,正常
82,益力多100g*5瓶,7,滞销
83,红牛,166,正常
84,经典奶茶,4,滞销
85,统一冰红茶,228,热销
86,统一绿茶,151,正常
87,统一阿萨姆奶茶,7,滞销
88,维他原味豆奶,10,滞销
89,维他奶,62,正常
90,维他奶黑豆奶饮品,7,滞销
91,维他奶（巧克力味）,4,滞销
92,维他柠檬茶,58,正常
93,维他柠檬茶330ml（罐）,3,滞销
94,美年达（罐）,19,滞销
95,美汁源果粒橙,8,滞销
96,脉动,309,热销
97,脉动（椰子菠萝口味）,1,滞销
98,脉动（青柠）,5,滞销
99,芦荟汁,1,滞销
100,芬达330ml,47,正常
101,茉莉蜜茶,42,正常
102,营养快线,255,热销
103,银鹭八宝粥,103,正常
104,阿萨姆奶茶,326,热销
105,阿萨姆煎茶奶绿,20,滞销
106,雀巢咖啡,34,正常
107,雪力矿泉水,29,正常
108,雪碧,8,滞销
109,雪碧330ml,67,正常
110,雪碧最新款,78,正常
111,雪碧（500ml）,123,正常
